0,C,Branch,0.002278
1,C,Branch,0.002389
2,C,Branch,0.002360
3,C,Branch,0.002331
4,C,Branch,0.002301
5,C,Branch,0.002269
6,C,Branch,0.002254
7,C,Branch,0.002355
8,C,Branch,0.002315
9,C,Branch,0.002250
10,C,Branch,0.002273
11,C,Branch,0.002356
12,C,Branch,0.002352
13,C,Branch,0.002371
14,C,Branch,0.002365
15,C,Branch,0.002375
16,C,Branch,0.002399
17,C,Branch,0.002378
18,C,Branch,0.002251
19,C,Branch,0.002319
20,C,Branch,0.002377
21,C,Branch,0.002301
22,C,Branch,0.002366
23,C,Branch,0.002413
24,C,Branch,0.002331
25,C,Branch,0.002365
26,C,Branch,0.002256
27,C,Branch,0.002366
28,C,Branch,0.002358
29,C,Branch,0.002360
30,C,Branch,0.002341
31,C,Branch,0.002324
32,C,Branch,0.002320
33,C,Branch,0.002330
34,C,Branch,0.002332
35,C,Branch,0.002250
36,C,Branch,0.002301
37,C,Branch,0.002376
38,C,Branch,0.002376
39,C,Branch,0.002357
40,C,Branch,0.002361
41,C,Branch,0.002320
42,C,Branch,0.002296
43,C,Branch,0.002441
44,C,Branch,0.002363
45,C,Branch,0.002287
46,C,Branch,0.002297
47,C,Branch,0.002359
48,C,Branch,0.002339
49,C,Branch,0.002400
50,C,Branch,0.002334
51,C,Branch,0.002361
52,C,Branch,0.002318
53,C,Branch,0.002297
54,C,Branch,0.002277
55,C,Branch,0.002330
56,C,Branch,0.002342
57,C,Branch,0.002305
58,C,Branch,0.002346
59,C,Branch,0.002311
60,C,Branch,0.002357
61,C,Branch,0.002370
62,C,Branch,0.002255
63,C,Branch,0.002285
64,C,Branch,0.002373
65,C,Branch,0.002323
66,C,Branch,0.002361
67,C,Branch,0.002335
68,C,Branch,0.003624
69,C,Branch,0.002284
70,C,Branch,0.002304
71,C,Branch,0.002266
72,C,Branch,0.002245
73,C,Branch,0.002306
74,C,Branch,0.002318
75,C,Branch,0.002296
76,C,Branch,0.002302
77,C,Branch,0.002307
78,C,Branch,0.002318
79,C,Branch,0.002312
80,C,Branch,0.002390
81,C,Branch,0.002310
82,C,Branch,0.002357
83,C,Branch,0.002333
84,C,Branch,0.002420
85,C,Branch,0.002342
86,C,Branch,0.002319
87,C,Branch,0.002357
88,C,Branch,0.002431
89,C,Branch,0.002300
90,C,Branch,0.002331
91,C,Branch,0.002294
92,C,Branch,0.002367
93,C,Branch,0.002368
94,C,Branch,0.002319
95,C,Branch,0.002334
96,C,Branch,0.002377
97,C,Branch,0.002307
98,C,Branch,0.002278
99,C,Branch,0.002298
100,C,Calc,0.001146
101,C,Calc,0.001259
102,C,Calc,0.001181
103,C,Calc,0.001210
104,C,Calc,0.001203
105,C,Calc,0.001181
106,C,Calc,0.001187
107,C,Calc,0.001150
108,C,Calc,0.001154
109,C,Calc,0.001176
110,C,Calc,0.001171
111,C,Calc,0.001181
112,C,Calc,0.001169
113,C,Calc,0.001200
114,C,Calc,0.001162
115,C,Calc,0.001164
116,C,Calc,0.001140
117,C,Calc,0.001184
118,C,Calc,0.001340
119,C,Calc,0.001186
120,C,Calc,0.001197
121,C,Calc,0.001168
122,C,Calc,0.001175
123,C,Calc,0.001162
124,C,Calc,0.001188
125,C,Calc,0.001181
126,C,Calc,0.001180
127,C,Calc,0.001191
128,C,Calc,0.001179
129,C,Calc,0.001170
130,C,Calc,0.001181
131,C,Calc,0.001216
132,C,Calc,0.001241
133,C,Calc,0.001132
134,C,Calc,0.001134
135,C,Calc,0.001213
136,C,Calc,0.001206
137,C,Calc,0.001154
138,C,Calc,0.001217
139,C,Calc,0.001176
140,C,Calc,0.001161
141,C,Calc,0.001153
142,C,Calc,0.001217
143,C,Calc,0.001188
144,C,Calc,0.001171
145,C,Calc,0.001168
146,C,Calc,0.001163
147,C,Calc,0.001187
148,C,Calc,0.001202
149,C,Calc,0.001143
150,C,Calc,0.001184
151,C,Calc,0.001202
152,C,Calc,0.001179
153,C,Calc,0.001214
154,C,Calc,0.001182
155,C,Calc,0.001157
156,C,Calc,0.001141
157,C,Calc,0.001148
158,C,Calc,0.001148
159,C,Calc,0.001210
160,C,Calc,0.001142
161,C,Calc,0.001187
162,C,Calc,0.001147
163,C,Calc,0.001209
164,C,Calc,0.001191
165,C,Calc,0.001197
166,C,Calc,0.001189
167,C,Calc,0.001171
168,C,Calc,0.001178
169,C,Calc,0.001175
170,C,Calc,0.001247
171,C,Calc,0.001175
172,C,Calc,0.001194
173,C,Calc,0.001140
174,C,Calc,0.001132
175,C,Calc,0.001162
176,C,Calc,0.001188
177,C,Calc,0.001174
178,C,Calc,0.001183
179,C,Calc,0.001180
180,C,Calc,0.001184
181,C,Calc,0.001162
182,C,Calc,0.001172
183,C,Calc,0.001193
184,C,Calc,0.001152
185,C,Calc,0.001181
186,C,Calc,0.001150
187,C,Calc,0.001172
188,C,Calc,0.001175
189,C,Calc,0.001228
190,C,Calc,0.001173
191,C,Calc,0.001189
192,C,Calc,0.001261
193,C,Calc,0.001181
194,C,Calc,0.001134
195,C,Calc,0.001133
196,C,Calc,0.001142
197,C,Calc,0.001147
198,C,Calc,0.001176
199,C,Calc,0.001214
200,C,Loop,0.002656
201,C,Loop,0.002449
202,C,Loop,0.002479
203,C,Loop,0.002523
204,C,Loop,0.002437
205,C,Loop,0.002466
206,C,Loop,0.002442
207,C,Loop,0.002474
208,C,Loop,0.002481
209,C,Loop,0.002459
210,C,Loop,0.002505
211,C,Loop,0.002454
212,C,Loop,0.002530
213,C,Loop,0.002500
214,C,Loop,0.002461
215,C,Loop,0.002474
216,C,Loop,0.002474
217,C,Loop,0.002440
218,C,Loop,0.002553
219,C,Loop,0.002465
220,C,Loop,0.002500
221,C,Loop,0.002513
222,C,Loop,0.002445
223,C,Loop,0.004967
224,C,Loop,0.003664
225,C,Loop,0.004089
226,C,Loop,0.002510
227,C,Loop,0.003948
228,C,Loop,0.002447
229,C,Loop,0.002530
230,C,Loop,0.002561
231,C,Loop,0.002466
232,C,Loop,0.002501
233,C,Loop,0.002357
234,C,Loop,0.002494
235,C,Loop,0.002496
236,C,Loop,0.002489
237,C,Loop,0.002667
238,C,Loop,0.002465
239,C,Loop,0.002465
240,C,Loop,0.002481
241,C,Loop,0.002527
242,C,Loop,0.002559
243,C,Loop,0.002504
244,C,Loop,0.002618
245,C,Loop,0.002567
246,C,Loop,0.002490
247,C,Loop,0.002459
248,C,Loop,0.002557
249,C,Loop,0.002524
250,C,Loop,0.002548
251,C,Loop,0.002585
252,C,Loop,0.002458
253,C,Loop,0.002566
254,C,Loop,0.002466
255,C,Loop,0.002593
256,C,Loop,0.002558
257,C,Loop,0.002566
258,C,Loop,0.002508
259,C,Loop,0.002563
260,C,Loop,0.002512
261,C,Loop,0.002481
262,C,Loop,0.002467
263,C,Loop,0.002517
264,C,Loop,0.002536
265,C,Loop,0.002534
266,C,Loop,0.002524
267,C,Loop,0.002511
268,C,Loop,0.002557
269,C,Loop,0.002606
270,C,Loop,0.002454
271,C,Loop,0.002514
272,C,Loop,0.002514
273,C,Loop,0.004081
274,C,Loop,0.002501
275,C,Loop,0.002583
276,C,Loop,0.002552
277,C,Loop,0.002535
278,C,Loop,0.002588
279,C,Loop,0.002452
280,C,Loop,0.002478
281,C,Loop,0.002581
282,C,Loop,0.002533
283,C,Loop,0.002546
284,C,Loop,0.002564
285,C,Loop,0.002561
286,C,Loop,0.002553
287,C,Loop,0.002515
288,C,Loop,0.002505
289,C,Loop,0.002535
290,C,Loop,0.002561
291,C,Loop,0.002529
292,C,Loop,0.002527
293,C,Loop,0.002568
294,C,Loop,0.002598
295,C,Loop,0.002609
296,C,Loop,0.002490
297,C,Loop,0.002525
298,C,Loop,0.002485
299,C,Loop,0.002554
300,Java,Branch,0.010403
301,Java,Branch,0.010352
302,Java,Branch,0.008710
303,Java,Branch,0.008926
304,Java,Branch,0.010254
305,Java,Branch,0.012397
306,Java,Branch,0.009321
307,Java,Branch,0.009894
308,Java,Branch,0.012012
309,Java,Branch,0.010516
310,Java,Branch,0.014354
311,Java,Branch,0.009264
312,Java,Branch,0.020147
313,Java,Branch,0.009517
314,Java,Branch,0.009166
315,Java,Branch,0.008873
316,Java,Branch,0.012428
317,Java,Branch,0.016042
318,Java,Branch,0.008779
319,Java,Branch,0.008725
320,Java,Branch,0.009097
321,Java,Branch,0.009139
322,Java,Branch,0.009039
323,Java,Branch,0.009190
324,Java,Branch,0.010628
325,Java,Branch,0.008808
326,Java,Branch,0.008801
327,Java,Branch,0.008966
328,Java,Branch,0.008748
329,Java,Branch,0.011799
330,Java,Branch,0.009774
331,Java,Branch,0.008955
332,Java,Branch,0.008899
333,Java,Branch,0.009084
334,Java,Branch,0.009045
335,Java,Branch,0.008895
336,Java,Branch,0.009056
337,Java,Branch,0.008963
338,Java,Branch,0.008778
339,Java,Branch,0.008832
340,Java,Branch,0.009329
341,Java,Branch,0.008861
342,Java,Branch,0.008814
343,Java,Branch,0.008697
344,Java,Branch,0.009405
345,Java,Branch,0.009085
346,Java,Branch,0.009084
347,Java,Branch,0.008926
348,Java,Branch,0.008890
349,Java,Branch,0.009063
350,Java,Branch,0.009521
351,Java,Branch,0.012752
352,Java,Branch,0.008909
353,Java,Branch,0.009167
354,Java,Branch,0.008702
355,Java,Branch,0.008979
356,Java,Branch,0.008912
357,Java,Branch,0.008702
358,Java,Branch,0.009379
359,Java,Branch,0.009120
360,Java,Branch,0.009176
361,Java,Branch,0.008806
362,Java,Branch,0.008903
363,Java,Branch,0.008952
364,Java,Branch,0.009032
365,Java,Branch,0.009224
366,Java,Branch,0.008842
367,Java,Branch,0.009283
368,Java,Branch,0.008913
369,Java,Branch,0.008830
370,Java,Branch,0.008928
371,Java,Branch,0.009295
372,Java,Branch,0.009000
373,Java,Branch,0.009118
374,Java,Branch,0.008908
375,Java,Branch,0.009040
376,Java,Branch,0.009092
377,Java,Branch,0.008843
378,Java,Branch,0.008955
379,Java,Branch,0.009079
380,Java,Branch,0.008801
381,Java,Branch,0.009166
382,Java,Branch,0.008904
383,Java,Branch,0.009161
384,Java,Branch,0.009047
385,Java,Branch,0.008950
386,Java,Branch,0.008956
387,Java,Branch,0.009032
388,Java,Branch,0.008936
389,Java,Branch,0.008986
390,Java,Branch,0.008917
391,Java,Branch,0.008807
392,Java,Branch,0.008643
393,Java,Branch,0.008918
394,Java,Branch,0.008859
395,Java,Branch,0.008589
396,Java,Branch,0.008726
397,Java,Branch,0.009155
398,Java,Branch,0.009018
399,Java,Branch,0.008864
400,Java,Calc,0.004764
401,Java,Calc,0.005113
402,Java,Calc,0.005639
403,Java,Calc,0.004769
404,Java,Calc,0.004748
405,Java,Calc,0.004839
406,Java,Calc,0.004733
407,Java,Calc,0.005445
408,Java,Calc,0.004508
409,Java,Calc,0.004603
410,Java,Calc,0.005699
411,Java,Calc,0.004828
412,Java,Calc,0.005574
413,Java,Calc,0.004592
414,Java,Calc,0.005383
415,Java,Calc,0.004708
416,Java,Calc,0.005528
417,Java,Calc,0.005824
418,Java,Calc,0.004796
419,Java,Calc,0.004591
420,Java,Calc,0.005682
421,Java,Calc,0.005719
422,Java,Calc,0.004959
423,Java,Calc,0.004724
424,Java,Calc,0.004581
425,Java,Calc,0.004821
426,Java,Calc,0.004863
427,Java,Calc,0.004544
428,Java,Calc,0.004589
429,Java,Calc,0.004615
430,Java,Calc,0.005369
431,Java,Calc,0.004664
432,Java,Calc,0.005505
433,Java,Calc,0.004742
434,Java,Calc,0.004513
435,Java,Calc,0.004548
436,Java,Calc,0.004733
437,Java,Calc,0.005546
438,Java,Calc,0.004408
439,Java,Calc,0.005495
440,Java,Calc,0.005365
441,Java,Calc,0.005578
442,Java,Calc,0.004638
443,Java,Calc,0.004646
444,Java,Calc,0.004573
445,Java,Calc,0.004679
446,Java,Calc,0.005396
447,Java,Calc,0.005638
448,Java,Calc,0.004475
449,Java,Calc,0.004490
450,Java,Calc,0.004813
451,Java,Calc,0.004808
452,Java,Calc,0.004617
453,Java,Calc,0.004681
454,Java,Calc,0.004637
455,Java,Calc,0.004570
456,Java,Calc,0.005772
457,Java,Calc,0.004601
458,Java,Calc,0.005574
459,Java,Calc,0.004534
460,Java,Calc,0.004759
461,Java,Calc,0.005637
462,Java,Calc,0.004779
463,Java,Calc,0.004610
464,Java,Calc,0.004586
465,Java,Calc,0.004970
466,Java,Calc,0.004608
467,Java,Calc,0.004565
468,Java,Calc,0.005588
469,Java,Calc,0.004918
470,Java,Calc,0.004530
471,Java,Calc,0.005372
472,Java,Calc,0.004714
473,Java,Calc,0.004712
474,Java,Calc,0.004861
475,Java,Calc,0.005405
476,Java,Calc,0.004659
477,Java,Calc,0.004731
478,Java,Calc,0.005581
479,Java,Calc,0.005656
480,Java,Calc,0.004854
481,Java,Calc,0.004993
482,Java,Calc,0.004824
483,Java,Calc,0.004586
484,Java,Calc,0.005568
485,Java,Calc,0.004469
486,Java,Calc,0.004692
487,Java,Calc,0.004707
488,Java,Calc,0.004642
489,Java,Calc,0.004681
490,Java,Calc,0.005359
491,Java,Calc,0.005553
492,Java,Calc,0.004638
493,Java,Calc,0.004568
494,Java,Calc,0.004546
495,Java,Calc,0.004598
496,Java,Calc,0.005714
497,Java,Calc,0.004830
498,Java,Calc,0.004856
499,Java,Calc,0.005720
500,Java,Loop,0.003612
501,Java,Loop,0.002236
502,Java,Loop,0.002245
503,Java,Loop,0.002379
504,Java,Loop,0.002335
505,Java,Loop,0.002631
506,Java,Loop,0.002273
507,Java,Loop,0.002335
508,Java,Loop,0.002186
509,Java,Loop,0.002402
510,Java,Loop,0.002495
511,Java,Loop,0.002623
512,Java,Loop,0.002225
513,Java,Loop,0.002596
514,Java,Loop,0.002568
515,Java,Loop,0.002276
516,Java,Loop,0.002563
517,Java,Loop,0.002690
518,Java,Loop,0.002404
519,Java,Loop,0.002603
520,Java,Loop,0.003325
521,Java,Loop,0.002228
522,Java,Loop,0.002527
523,Java,Loop,0.002261
524,Java,Loop,0.002676
525,Java,Loop,0.002199
526,Java,Loop,0.002354
527,Java,Loop,0.002229
528,Java,Loop,0.002206
529,Java,Loop,0.002506
530,Java,Loop,0.002237
531,Java,Loop,0.002487
532,Java,Loop,0.002205
533,Java,Loop,0.002502
534,Java,Loop,0.002615
535,Java,Loop,0.002518
536,Java,Loop,0.002361
537,Java,Loop,0.002739
538,Java,Loop,0.002783
539,Java,Loop,0.002586
540,Java,Loop,0.002742
541,Java,Loop,0.002285
542,Java,Loop,0.002517
543,Java,Loop,0.002667
544,Java,Loop,0.002265
545,Java,Loop,0.002268
546,Java,Loop,0.002184
547,Java,Loop,0.002624
548,Java,Loop,0.002187
549,Java,Loop,0.002636
550,Java,Loop,0.002184
551,Java,Loop,0.002554
552,Java,Loop,0.002929
553,Java,Loop,0.002349
554,Java,Loop,0.002174
555,Java,Loop,0.002673
556,Java,Loop,0.002571
557,Java,Loop,0.002727
558,Java,Loop,0.002245
559,Java,Loop,0.002500
560,Java,Loop,0.002627
561,Java,Loop,0.002587
562,Java,Loop,0.002205
563,Java,Loop,0.002287
564,Java,Loop,0.002658
565,Java,Loop,0.002209
566,Java,Loop,0.002325
567,Java,Loop,0.002297
568,Java,Loop,0.002292
569,Java,Loop,0.002601
570,Java,Loop,0.002204
571,Java,Loop,0.002755
572,Java,Loop,0.002513
573,Java,Loop,0.002476
574,Java,Loop,0.002314
575,Java,Loop,0.002241
576,Java,Loop,0.002700
577,Java,Loop,0.002795
578,Java,Loop,0.002845
579,Java,Loop,0.002305
580,Java,Loop,0.002231
581,Java,Loop,0.002209
582,Java,Loop,0.002593
583,Java,Loop,0.002403
584,Java,Loop,0.002475
585,Java,Loop,0.002176
586,Java,Loop,0.002760
587,Java,Loop,0.002286
588,Java,Loop,0.002563
589,Java,Loop,0.002406
590,Java,Loop,0.002761
591,Java,Loop,0.002361
592,Java,Loop,0.002394
593,Java,Loop,0.002332
594,Java,Loop,0.002516
595,Java,Loop,0.002243
596,Java,Loop,0.002290
597,Java,Loop,0.002564
598,Java,Loop,0.002334
599,Java,Loop,0.002595
600,Python,Branch,0.205927032
601,Python,Branch,0.200432724
602,Python,Branch,0.204360172
603,Python,Branch,0.199691146
604,Python,Branch,0.201238399
605,Python,Branch,0.204545302
606,Python,Branch,0.211371875
607,Python,Branch,0.205208387
608,Python,Branch,0.207388983
609,Python,Branch,0.208249051
610,Python,Branch,0.20566982
611,Python,Branch,0.205788619
612,Python,Branch,0.205870311
613,Python,Branch,0.206337937
614,Python,Branch,0.205053763
615,Python,Branch,0.207176805
616,Python,Branch,0.204853441
617,Python,Branch,0.206239168
618,Python,Branch,0.204631653
619,Python,Branch,0.210628157
620,Python,Branch,0.206143069
621,Python,Branch,0.206638856
622,Python,Branch,0.205787643
623,Python,Branch,0.206763443
624,Python,Branch,0.205662103
625,Python,Branch,0.202677482
626,Python,Branch,0.204023885
627,Python,Branch,0.19707536
628,Python,Branch,0.208229465
629,Python,Branch,0.203255549
630,Python,Branch,0.205393888
631,Python,Branch,0.205696262
632,Python,Branch,0.205373082
633,Python,Branch,0.208143264
634,Python,Branch,0.202177774
635,Python,Branch,0.205487204
636,Python,Branch,0.198259317
637,Python,Branch,0.205984821
638,Python,Branch,0.205075813
639,Python,Branch,0.204525629
640,Python,Branch,0.197571102
641,Python,Branch,0.209436296
642,Python,Branch,0.197735507
643,Python,Branch,0.333811521
644,Python,Branch,0.206070533
645,Python,Branch,0.20711867
646,Python,Branch,0.199281383
647,Python,Branch,0.204211964
648,Python,Branch,0.199845382
649,Python,Branch,0.206427878
650,Python,Branch,0.203021389
651,Python,Branch,0.20643446
652,Python,Branch,0.204450442
653,Python,Branch,0.206267214
654,Python,Branch,0.204580019
655,Python,Branch,0.195286027
656,Python,Branch,0.206416742
657,Python,Branch,0.201397849
658,Python,Branch,0.204839062
659,Python,Branch,0.206430957
660,Python,Branch,0.197356165
661,Python,Branch,0.204819139
662,Python,Branch,0.207645321
663,Python,Branch,0.208633373
664,Python,Branch,0.205604328
665,Python,Branch,0.205795726
666,Python,Branch,0.195943454
667,Python,Branch,0.205605331
668,Python,Branch,0.20396138
669,Python,Branch,0.204053803
670,Python,Branch,0.202400851
671,Python,Branch,0.210149277
672,Python,Branch,0.208669481
673,Python,Branch,0.205089138
674,Python,Branch,0.202867565
675,Python,Branch,0.204103924
676,Python,Branch,0.205090508
677,Python,Branch,0.205256043
678,Python,Branch,0.205849909
679,Python,Branch,0.19925457
680,Python,Branch,0.204032269
681,Python,Branch,0.206815831
682,Python,Branch,0.207661294
683,Python,Branch,0.201427183
684,Python,Branch,0.198938493
685,Python,Branch,0.202324653
686,Python,Branch,0.202625747
687,Python,Branch,0.20722974
688,Python,Branch,0.204569943
689,Python,Branch,0.19947162
690,Python,Branch,0.203090719
691,Python,Branch,0.20386888
692,Python,Branch,0.204949906
693,Python,Branch,0.201094375
694,Python,Branch,0.198534419
695,Python,Branch,0.205012054
696,Python,Branch,0.204079491
697,Python,Branch,0.204588611
698,Python,Branch,0.206760433
699,Python,Branch,0.20097762
700,Python,Calc,0.050625602
701,Python,Calc,0.051504637
702,Python,Calc,0.047917757
703,Python,Calc,0.05061422
704,Python,Calc,0.051105711
705,Python,Calc,0.051254792
706,Python,Calc,0.050946786
707,Python,Calc,0.056205856
708,Python,Calc,0.050496997
709,Python,Calc,0.053663596
710,Python,Calc,0.050618243
711,Python,Calc,0.050074967
712,Python,Calc,0.057997689
713,Python,Calc,0.050707497
714,Python,Calc,0.05066147
715,Python,Calc,0.049720576
716,Python,Calc,0.050639257
717,Python,Calc,0.051073618
718,Python,Calc,0.051168011
719,Python,Calc,0.051691416
720,Python,Calc,0.051783071
721,Python,Calc,0.051190687
722,Python,Calc,0.050956864
723,Python,Calc,0.05043027
724,Python,Calc,0.050527614
725,Python,Calc,0.050513031
726,Python,Calc,0.051274449
727,Python,Calc,0.053786374
728,Python,Calc,0.050378452
729,Python,Calc,0.05113875
730,Python,Calc,0.049058676
731,Python,Calc,0.050096172
732,Python,Calc,0.048731901
733,Python,Calc,0.054086516
734,Python,Calc,0.049137634
735,Python,Calc,0.049895038
736,Python,Calc,0.050661036
737,Python,Calc,0.050606628
738,Python,Calc,0.058350977
739,Python,Calc,0.051489712
740,Python,Calc,0.057539573
741,Python,Calc,0.051579995
742,Python,Calc,0.051012674
743,Python,Calc,0.049545639
744,Python,Calc,0.0519672
745,Python,Calc,0.052273122
746,Python,Calc,0.050919701
747,Python,Calc,0.051094256
748,Python,Calc,0.050511895
749,Python,Calc,0.051617492
750,Python,Calc,0.053252681
751,Python,Calc,0.05081797
752,Python,Calc,0.051144826
753,Python,Calc,0.052266433
754,Python,Calc,0.051234839
755,Python,Calc,0.05103211
756,Python,Calc,0.050730648
757,Python,Calc,0.051967921
758,Python,Calc,0.051915333
759,Python,Calc,0.052323511
760,Python,Calc,0.051361976
761,Python,Calc,0.050770453
762,Python,Calc,0.050931422
763,Python,Calc,0.05137346
764,Python,Calc,0.051988266
765,Python,Calc,0.052466953
766,Python,Calc,0.051937279
767,Python,Calc,0.051628075
768,Python,Calc,0.051782117
769,Python,Calc,0.05109112
770,Python,Calc,0.051500288
771,Python,Calc,0.050128336
772,Python,Calc,0.050890242
773,Python,Calc,0.051028132
774,Python,Calc,0.050885132
775,Python,Calc,0.050682473
776,Python,Calc,0.051026771
777,Python,Calc,0.051674284
778,Python,Calc,0.051600124
779,Python,Calc,0.051758146
780,Python,Calc,0.051059678
781,Python,Calc,0.052028603
782,Python,Calc,0.054052095
783,Python,Calc,0.051793131
784,Python,Calc,0.052243233
785,Python,Calc,0.051394785
786,Python,Calc,0.051112425
787,Python,Calc,0.051243204
788,Python,Calc,0.051981427
789,Python,Calc,0.05078214
790,Python,Calc,0.051947267
791,Python,Calc,0.052459025
792,Python,Calc,0.050929283
793,Python,Calc,0.050150725
794,Python,Calc,0.051956726
795,Python,Calc,0.052602275
796,Python,Calc,0.052667044
797,Python,Calc,0.050147504
798,Python,Calc,0.05025913
799,Python,Calc,0.051029466
800,Python,Loop,0.009943209
801,Python,Loop,0.009770485
802,Python,Loop,0.009697825
803,Python,Loop,0.009855837
804,Python,Loop,0.009354017
805,Python,Loop,0.009820692
806,Python,Loop,0.009640947
807,Python,Loop,0.009417906
808,Python,Loop,0.009630176
809,Python,Loop,0.009895872
810,Python,Loop,0.009818298
811,Python,Loop,0.00969043
812,Python,Loop,0.009297706
813,Python,Loop,0.009867305
814,Python,Loop,0.010092216
815,Python,Loop,0.009819228
816,Python,Loop,0.009640183
817,Python,Loop,0.009592777
818,Python,Loop,0.009186891
819,Python,Loop,0.010078044
820,Python,Loop,0.009585605
821,Python,Loop,0.010141983
822,Python,Loop,0.009888268
823,Python,Loop,0.00983092
824,Python,Loop,0.009433475
825,Python,Loop,0.009729126
826,Python,Loop,0.009367315
827,Python,Loop,0.009363966
828,Python,Loop,0.010057601
829,Python,Loop,0.009621381
830,Python,Loop,0.011598164
831,Python,Loop,0.010083335
832,Python,Loop,0.009583946
833,Python,Loop,0.009698832
834,Python,Loop,0.010128861
835,Python,Loop,0.009820268
836,Python,Loop,0.0096166
837,Python,Loop,0.009915701
838,Python,Loop,0.009850023
839,Python,Loop,0.009582086
840,Python,Loop,0.00990095
841,Python,Loop,0.009773672
842,Python,Loop,0.009672218
843,Python,Loop,0.009817928
844,Python,Loop,0.009316925
845,Python,Loop,0.009699798
846,Python,Loop,0.009703608
847,Python,Loop,0.009896696
848,Python,Loop,0.009748325
849,Python,Loop,0.009582892
850,Python,Loop,0.009216901
851,Python,Loop,0.009801042
852,Python,Loop,0.009346249
853,Python,Loop,0.009747565
854,Python,Loop,0.009410078
855,Python,Loop,0.009664933
856,Python,Loop,0.009176236
857,Python,Loop,0.009660733
858,Python,Loop,0.009560729
859,Python,Loop,0.009255707
860,Python,Loop,0.010054737
861,Python,Loop,0.009405547
862,Python,Loop,0.009565149
863,Python,Loop,0.009517843
864,Python,Loop,0.009616757
865,Python,Loop,0.009694687
866,Python,Loop,0.009332827
867,Python,Loop,0.009718531
868,Python,Loop,0.011228179
869,Python,Loop,0.009600505
870,Python,Loop,0.009391005
871,Python,Loop,0.0095013
872,Python,Loop,0.009435742
873,Python,Loop,0.009489679
874,Python,Loop,0.009680295
875,Python,Loop,0.00942556
876,Python,Loop,0.00970818
877,Python,Loop,0.009042248
878,Python,Loop,0.009798067
879,Python,Loop,0.009403942
880,Python,Loop,0.009601009
881,Python,Loop,0.009781004
882,Python,Loop,0.009880168
883,Python,Loop,0.009861855
884,Python,Loop,0.009725987
885,Python,Loop,0.00960182
886,Python,Loop,0.010277783
887,Python,Loop,0.010063723
888,Python,Loop,0.009746189
889,Python,Loop,0.009524939
890,Python,Loop,0.008990875
891,Python,Loop,0.009593919
892,Python,Loop,0.009358156
893,Python,Loop,0.010677147
894,Python,Loop,0.011409398
895,Python,Loop,0.009564414
896,Python,Loop,0.009732328
897,Python,Loop,0.009510447
898,Python,Loop,0.009885869
899,Python,Loop,0.009610931
900,Perl,Branch,0.2757809162
901,Perl,Branch,0.2700459957
902,Perl,Branch,0.2764110565
903,Perl,Branch,0.2665450573
904,Perl,Branch,0.2749009132
905,Perl,Branch,0.2661178112
906,Perl,Branch,0.2722330093
907,Perl,Branch,0.2590301037
908,Perl,Branch,0.2616500854
909,Perl,Branch,0.2747941017
910,Perl,Branch,0.2613580227
911,Perl,Branch,0.2596840858
912,Perl,Branch,0.2743139267
913,Perl,Branch,0.2694380283
914,Perl,Branch,0.2668659687
915,Perl,Branch,0.2789788246
916,Perl,Branch,0.2670850754
917,Perl,Branch,0.2733831406
918,Perl,Branch,0.2653231621
919,Perl,Branch,0.2790639400
920,Perl,Branch,0.2677268982
921,Perl,Branch,0.2776448727
922,Perl,Branch,0.2866139412
923,Perl,Branch,0.2747900486
924,Perl,Branch,0.2695388794
925,Perl,Branch,0.2755470276
926,Perl,Branch,0.2682249546
927,Perl,Branch,0.2760019302
928,Perl,Branch,0.2665750980
929,Perl,Branch,0.2763540745
930,Perl,Branch,0.2646160126
931,Perl,Branch,0.2620968819
932,Perl,Branch,0.2641041279
933,Perl,Branch,0.2658300400
934,Perl,Branch,0.2625060081
935,Perl,Branch,0.2659411430
936,Perl,Branch,0.2651190758
937,Perl,Branch,0.2644989491
938,Perl,Branch,0.2633650303
939,Perl,Branch,0.2753939629
940,Perl,Branch,0.2656168938
941,Perl,Branch,0.2771840096
942,Perl,Branch,0.2660939693
943,Perl,Branch,0.2752439976
944,Perl,Branch,0.2753989697
945,Perl,Branch,0.2755358219
946,Perl,Branch,0.2784328461
947,Perl,Branch,0.2647230625
948,Perl,Branch,0.2755930424
949,Perl,Branch,0.2772328854
950,Perl,Branch,0.2720308304
951,Perl,Branch,0.2638380527
952,Perl,Branch,0.2726678848
953,Perl,Branch,0.2740209103
954,Perl,Branch,0.2594871521
955,Perl,Branch,0.2763338089
956,Perl,Branch,0.2756109238
957,Perl,Branch,0.2759909630
958,Perl,Branch,0.2731819153
959,Perl,Branch,0.2755820751
960,Perl,Branch,0.2729210854
961,Perl,Branch,0.2736151218
962,Perl,Branch,0.2718989849
963,Perl,Branch,0.2730519772
964,Perl,Branch,0.2770230770
965,Perl,Branch,0.2751250267
966,Perl,Branch,0.2735838890
967,Perl,Branch,0.2729799747
968,Perl,Branch,0.2746062279
969,Perl,Branch,0.2763838768
970,Perl,Branch,0.2728390694
971,Perl,Branch,0.2783169746
972,Perl,Branch,0.2771730423
973,Perl,Branch,0.2770860195
974,Perl,Branch,0.2725291252
975,Perl,Branch,0.2748260498
976,Perl,Branch,0.2761189938
977,Perl,Branch,0.2763600349
978,Perl,Branch,0.2759580612
979,Perl,Branch,0.2746169567
980,Perl,Branch,0.2750899792
981,Perl,Branch,0.2776739597
982,Perl,Branch,0.2726399899
983,Perl,Branch,0.2742998600
984,Perl,Branch,0.2745220661
985,Perl,Branch,0.2792630196
986,Perl,Branch,0.2742409706
987,Perl,Branch,0.2767810822
988,Perl,Branch,0.2668979168
989,Perl,Branch,0.2748560905
990,Perl,Branch,0.2673368454
991,Perl,Branch,0.2620220184
992,Perl,Branch,0.2723300457
993,Perl,Branch,0.3950288296
994,Perl,Branch,0.2696299553
995,Perl,Branch,0.2656831741
996,Perl,Branch,0.2772779465
997,Perl,Branch,0.2691969872
998,Perl,Branch,0.2778100967
999,Perl,Branch,0.2773239613
1000,Perl,Calc,0.1358878613
1001,Perl,Calc,0.1351330280
1002,Perl,Calc,0.1362330914
1003,Perl,Calc,0.1356520653
1004,Perl,Calc,0.1377320290
1005,Perl,Calc,0.1400859356
1006,Perl,Calc,0.1378490925
1007,Perl,Calc,0.1373488903
1008,Perl,Calc,0.1703629494
1009,Perl,Calc,0.1361029148
1010,Perl,Calc,0.1376440525
1011,Perl,Calc,0.1376779079
1012,Perl,Calc,0.1405229568
1013,Perl,Calc,0.1402978897
1014,Perl,Calc,0.1378920078
1015,Perl,Calc,0.1352269650
1016,Perl,Calc,0.1388230324
1017,Perl,Calc,0.1380510330
1018,Perl,Calc,0.1371829510
1019,Perl,Calc,0.1381340027
1020,Perl,Calc,0.1359710693
1021,Perl,Calc,0.1376659870
1022,Perl,Calc,0.1363129616
1023,Perl,Calc,0.1339049339
1024,Perl,Calc,0.1352288723
1025,Perl,Calc,0.1363251209
1026,Perl,Calc,0.1370139122
1027,Perl,Calc,0.1355149746
1028,Perl,Calc,0.1360628605
1029,Perl,Calc,0.1363320351
1030,Perl,Calc,0.1359548569
1031,Perl,Calc,0.1345410347
1032,Perl,Calc,0.1343941689
1033,Perl,Calc,0.1347038746
1034,Perl,Calc,0.1369869709
1035,Perl,Calc,0.1384420395
1036,Perl,Calc,0.1374731064
1037,Perl,Calc,0.1359908581
1038,Perl,Calc,0.1374969482
1039,Perl,Calc,0.1377608776
1040,Perl,Calc,0.1378679276
1041,Perl,Calc,0.1365180016
1042,Perl,Calc,0.1358098984
1043,Perl,Calc,0.1463301182
1044,Perl,Calc,0.1387259960
1045,Perl,Calc,0.1378931999
1046,Perl,Calc,0.1393640041
1047,Perl,Calc,0.1363990307
1048,Perl,Calc,0.1372978687
1049,Perl,Calc,0.1366698742
1050,Perl,Calc,0.1377880573
1051,Perl,Calc,0.1379058361
1052,Perl,Calc,0.1384348869
1053,Perl,Calc,0.1357970238
1054,Perl,Calc,0.1390969753
1055,Perl,Calc,0.1371679306
1056,Perl,Calc,0.1460411549
1057,Perl,Calc,0.1380610466
1058,Perl,Calc,0.1353080273
1059,Perl,Calc,0.1395380497
1060,Perl,Calc,0.1375470161
1061,Perl,Calc,0.1375398636
1062,Perl,Calc,0.1362471581
1063,Perl,Calc,0.1356630325
1064,Perl,Calc,0.1379799843
1065,Perl,Calc,0.1371119022
1066,Perl,Calc,0.1379699707
1067,Perl,Calc,0.1384232044
1068,Perl,Calc,0.1353518963
1069,Perl,Calc,0.1372001171
1070,Perl,Calc,0.1386730671
1071,Perl,Calc,0.1356930733
1072,Perl,Calc,0.1350710392
1073,Perl,Calc,0.1374130249
1074,Perl,Calc,0.1379640102
1075,Perl,Calc,0.1351141930
1076,Perl,Calc,0.1361649036
1077,Perl,Calc,0.1338701248
1078,Perl,Calc,0.1381659508
1079,Perl,Calc,0.1373569965
1080,Perl,Calc,0.1379270554
1081,Perl,Calc,0.1382219791
1082,Perl,Calc,0.1392359734
1083,Perl,Calc,0.1370639801
1084,Perl,Calc,0.1394948959
1085,Perl,Calc,0.1399171352
1086,Perl,Calc,0.1636550426
1087,Perl,Calc,0.1519691944
1088,Perl,Calc,0.1384279728
1089,Perl,Calc,0.1378509998
1090,Perl,Calc,0.1367280483
1091,Perl,Calc,0.1356668472
1092,Perl,Calc,0.1365211010
1093,Perl,Calc,0.1358039379
1094,Perl,Calc,0.1361811161
1095,Perl,Calc,0.1412677765
1096,Perl,Calc,0.1382820606
1097,Perl,Calc,0.1412670612
1098,Perl,Calc,0.1380419731
1099,Perl,Calc,0.1379189491
1100,Perl,Loop,0.0391418934
1101,Perl,Loop,0.0381009579
1102,Perl,Loop,0.0439419746
1103,Perl,Loop,0.0380909443
1104,Perl,Loop,0.0388250351
1105,Perl,Loop,0.0393819809
1106,Perl,Loop,0.0396130085
1107,Perl,Loop,0.0381441116
1108,Perl,Loop,0.0388531685
1109,Perl,Loop,0.0400190353
1110,Perl,Loop,0.0396029949
1111,Perl,Loop,0.0398850441
1112,Perl,Loop,0.0391359329
1113,Perl,Loop,0.0383291245
1114,Perl,Loop,0.0382459164
1115,Perl,Loop,0.0383801460
1116,Perl,Loop,0.0383889675
1117,Perl,Loop,0.0394248962
1118,Perl,Loop,0.0386071205
1119,Perl,Loop,0.0381290913
1120,Perl,Loop,0.0386259556
1121,Perl,Loop,0.0384178162
1122,Perl,Loop,0.0395479202
1123,Perl,Loop,0.0401620865
1124,Perl,Loop,0.0387370586
1125,Perl,Loop,0.0379240513
1126,Perl,Loop,0.0391328335
1127,Perl,Loop,0.0395851135
1128,Perl,Loop,0.0392870903
1129,Perl,Loop,0.0391478539
1130,Perl,Loop,0.0378601551
1131,Perl,Loop,0.0386450291
1132,Perl,Loop,0.0392010212
1133,Perl,Loop,0.0399169922
1134,Perl,Loop,0.0400440693
1135,Perl,Loop,0.0377252102
1136,Perl,Loop,0.0386040211
1137,Perl,Loop,0.0388720036
1138,Perl,Loop,0.0402109623
1139,Perl,Loop,0.0368030071
1140,Perl,Loop,0.0381488800
1141,Perl,Loop,0.0384490490
1142,Perl,Loop,0.0382719040
1143,Perl,Loop,0.0385119915
1144,Perl,Loop,0.0376200676
1145,Perl,Loop,0.0393269062
1146,Perl,Loop,0.0380599499
1147,Perl,Loop,0.0391628742
1148,Perl,Loop,0.0377280712
1149,Perl,Loop,0.0381650925
1150,Perl,Loop,0.0388569832
1151,Perl,Loop,0.0390839577
1152,Perl,Loop,0.0384359360
1153,Perl,Loop,0.0380392075
1154,Perl,Loop,0.0398828983
1155,Perl,Loop,0.0372788906
1156,Perl,Loop,0.0379230976
1157,Perl,Loop,0.0383632183
1158,Perl,Loop,0.0378279686
1159,Perl,Loop,0.0373668671
1160,Perl,Loop,0.0385208130
1161,Perl,Loop,0.0386168957
1162,Perl,Loop,0.0404179096
1163,Perl,Loop,0.0402529240
1164,Perl,Loop,0.0394089222
1165,Perl,Loop,0.0405039787
1166,Perl,Loop,0.0388538837
1167,Perl,Loop,0.0394179821
1168,Perl,Loop,0.0386378765
1169,Perl,Loop,0.0390350819
1170,Perl,Loop,0.0378291607
1171,Perl,Loop,0.0389740467
1172,Perl,Loop,0.0382130146
1173,Perl,Loop,0.0386278629
1174,Perl,Loop,0.0399661064
1175,Perl,Loop,0.0393850803
1176,Perl,Loop,0.0381081104
1177,Perl,Loop,0.0389099121
1178,Perl,Loop,0.0399880409
1179,Perl,Loop,0.0387139320
1180,Perl,Loop,0.0397999287
1181,Perl,Loop,0.0394759178
1182,Perl,Loop,0.0396320820
1183,Perl,Loop,0.0399849415
1184,Perl,Loop,0.0378620625
1185,Perl,Loop,0.0387248993
1186,Perl,Loop,0.0392789841
1187,Perl,Loop,0.0379781723
1188,Perl,Loop,0.0394370556
1189,Perl,Loop,0.0399060249
1190,Perl,Loop,0.0381269455
1191,Perl,Loop,0.0384120941
1192,Perl,Loop,0.0379378796
1193,Perl,Loop,0.0382461548
1194,Perl,Loop,0.0395309925
1195,Perl,Loop,0.0396299362
1196,Perl,Loop,0.0379748344
1197,Perl,Loop,0.0705308914
1198,Perl,Loop,0.0383729935
1199,Perl,Loop,0.0380799770
